﻿Vincitore;Anno;Nazionalita;Eta;Peso;Altezza;Braccia;Gambe;Petto;Vita
Larry _Scott;1965;USA;27;90;170;50;72;135;69
Larry _Scott;1966;USA;28;90;170;50;72;135;69
Sergio_Oliva;1967;Cuba;26;107;178;51;74;140;71
Sergio_Oliva;1968;Cuba;27;108;178;51;74;140;72
Sergio_Oliva;1969;Cuba;28;109;178;51;74;140;73
Arnold_Schwarzenegger;1970;USA;23;107;188;56;73;144;87
Arnold_Schwarzenegger;1971;USA;24;107;188;56;73;144;87
Arnold_Schwarzenegger;1972;USA;25;107;188;56;73;144;87
Arnold_Schwarzenegger;1973;USA;26;107;188;56;73;144;87
Arnold_Schwarzenegger;1974;USA;27;107;188;56;73;144;87
Arnold_Schwarzenegger;1975;USA;28;107;188;56;73;144;87
Franco_Columbu;1976;Italia;35;85;165;48;66;132;76
Frank_Zane;1977;USA;35;84;175;46;66;132;74
Frank_Zane;1978;USA;36;84;175;46;66;132;74
Frank_Zane;1979;USA;37;84;175;46;66;132;74
Arnold_Schwarzenegger;1980;USA;33;107;188;56;73;144;87
Franco_Columbu;1981;Italia;40;85;165;48;66;132;76
Chris_Dickerson;1982;USA;43;86;168;46;60;131;80
Samir_Bannout;1983;Libano;28;90;170;52;68;130;75
Lee_Haney;1984;USA;25;111;178;56;79;140;80
Lee_Haney;1985;USA;26;111;178;56;79;140;80
Lee_Haney;1986;USA;27;111;178;56;79;140;80
Lee_Haney;1987;USA;28;111;178;56;79;140;80
Lee_Haney;1988;USA;29;111;178;56;79;140;80
Lee_Haney;1989;USA;30;111;178;56;79;140;80
Lee_Haney;1990;USA;31;111;178;56;79;140;80
Lee_Haney;1991;USA;32;111;178;56;79;140;80
Dorian_Yates;1992;Inghilterra;30;110;179;53;82;145;89
Dorian_Yates;1993;Inghilterra;31;110;179;53;82;145;89
Dorian_Yates;1994;Inghilterra;32;110;179;53;82;145;89
Dorian_Yates;1995;Inghilterra;33;110;179;53;82;145;89
Dorian_Yates;1996;Inghilterra;34;110;179;53;82;145;89
Dorian_Yates;1997;Inghilterra;35;110;179;53;82;145;89
Ronnie_Coleman;1998;USA;33;130;180;59;87;147;92
Ronnie_Coleman;1999;USA;34;130;180;59;87;147;92
Ronnie_Coleman;2000;USA;35;131;180;59;87;147;92
Ronnie_Coleman;2001;USA;36;131;180;59;87;147;92
Ronnie_Coleman;2002;USA;37;132;180;59;87;147;92
Ronnie_Coleman;2003;USA;38;133;180;59;87;147;92
Ronnie_Coleman;2004;USA;39;134;180;59;87;147;92
Ronnie_Coleman;2005;USA;40;135;180;59;87;147;92
Jay_Cutler;2006;USA;33;122;175;57;79;150;86
Jay_Cutler;2007;USA;34;122;175;57;79;150;86
Dexter_Jackson;2008;USA;39;102;168;55;78;115;69
Jay_Cutler;2009;USA;36;123;175;57;79;150;86
Jay_Cutler;2010;USA;37;124;175;57;79;150;86
Phil_Heath;2011;USA;32;109;174;56;76;140;92
Phil_Heath;2012;USA;33;110;174;56;76;140;92
Phil_Heath;2013;USA;34;111;174;56;76;140;92
Phil_Heath;2014;USA;35;112;174;56;76;140;92
Phil_Heath;2015;USA;36;113;174;56;76;140;92
Phil_Heath;2016;USA;37;113;174;56;76;140;92
Phil_Heath;2017;USA;38;113;174;56;76;140;92
Shawn_Rhoden;2018;USA;43;110;178;58;78;144;94
Brandon_Curry;2019;USA;37;115;170;56;75;138;90
Mamdouh_Elssbiay;2020;Egitto;36;130;178;58;85;137;90
Mamdouh_Elssbiay;2021;Egitto;37;135;178;58;85;137;90
